Country/Region,IND,ENE,AGS+RCO,RCO,TRO,OPDTTv
Global,8.8404,4.2534,16.5549,11.3841,3.1692,1.0425
Global,5.868,4.89,11.41,6.846,2.608,0.815
India,12.3338,5.6468,21.8442,17.7577,2.8977,1.8575
Canada,0.781,0.4015,1.4025,0.8305,0.8745,0.1375
Canada,0.9514,0.5183,1.6259,0.9514,1.0153,0.1775
China,66.36710439,26.28153292,99.55315009,49.6556401,21.7982126,5.35
China,65.855666,10.83379722,85.50258449,35.5805169,13.80795229,4.4
China,35.85846503,8.804817512,62.181337,24.96411537,18.15538045,3.125
Europe,1.825,1.225,5.2125,3.15,2.2875,0.3125
Europe,5.16,4.128,5.016,2.88,5.688,0.6
Europe,2.27211,1.55761,5.10153,2.47217,3.0009,0.35725
China,19.84,8.804,24.242,15.438,4.526,1.55
South Asia,16.654,9.084,27.252,21.196,4.542,1.8925
Central Asia,8.604,7.99425,4.3785,2.133,1.52325,0.5625
Europe,3.089540527,1.324088797,10.93376355,9.19840475,3.169788332,0.48575
Europe,2.608584599,1.099403471,11.07399132,9.684745119,2.778492408,0.46075
Europe,1.850588235,0.616862745,11.44517647,10.31584314,2.087843137,0.4235
Europe,1.642528736,0.434787018,9.671595673,8.705402299,1.594219067,0.35725
Europe,1.434733683,0.309452363,8.570892723,7.811327832,1.209677419,0.3125
China,5.061638591,1.550535988,23.70597244,11.26033691,5.681852986,0.9
China,7.77696142,2.03045408,28.79377262,13.47834756,8.598811881,1.18
China,8.081490571,2.058770344,30.80966159,14.20551537,9.650077499,1.265
China,10.08865925,2.67191309,38.83696344,17.45156333,11.90246423,1.5875
China,9.295725073,1.672394316,36.71602355,16.13860515,10.91585707,1.465
China,7.440624319,1.086751361,32.03380762,13.89954991,9.338816697,1.2475
India,9.152,12.012,30.316,28.6,5.72,1.43
China,21.688,4.8798,19.5192,12.4706,8.133,1.3555
China,16.06761,5.53307,16.95361,12.19136,5.74571,1.1075
India,25.3236,17.8224,67.5249,61.5888,30.3291,3.525
Global,5.681,5.681,20.539,14.421,3.059,1.0925
Global,3.192,2.508,4.218,2.508,1.482,0.285
South and East Asia,9.66,4.508,14.812,8.372,2.254,0.805
Global,2.996,1.07,15.408,7.918,1.926,0.535
China,18.154,5.634,25.04,18.154,3.13,1.565
G20 Countries,6.08,4.94,21.66,9.88,4.94,0.95
China,13.207974,3.466788,44.06101,44.06101,1.864228,1.565
China,24.3516,6.8684,21.854,15.61,4.9952,1.561
China,32.0724,0.302,49.5884,35.2132,2.6878,2.265
India,23.81702128,10.67659574,38.6,32.02978723,4.106382979,1.93
China,10.9575,1.948,14.9022,6.3797,12.28640523,1.2175
South Africa,2.04,6.75,6.66,4.8,1.95,0.75
DR Congo,1.672,0.57,5.282,4.446,1.672,0.95
Kenya,1.15,1.975,6.8,6.675,1.15,0.625
Ghana,0.66,1.21,4.62,3.63,0.66,1.375
Egypt,3.71,8.19,6.93,2.8,3.71,1.75
China,25.312,8.701,24.521,14.238,4.746,1.582
United States,0.014651163,2.358837209,1.196162791,1.196162791,0.222906977,0.135
United States,0.017915223,1.887496668,1.218235137,1.218235137,0.230338576,0.12
India,5.5,2.2,26.2,26.2,3.8,0.9425
North America,1.8821,1.51866,2.28448,2.28448,1.2331,0.3245
United States,0,0,0,0,6.66,0.225
Thailand,0,0,37.635,37.635,5.07,1.625
Thailand,0,0,16.315,16.315,11.895,1.625
Switzerland,0,0,0.7776,0.7776,0.8019,0.2025
Switzerland,0,0,2.2785,2.2785,1.674,0.2325
Switzerland,0,0,1.104,1.104,1.4304,0.24
Switzerland,0,0,0.7725,0.7725,2.4926,0.2575
Switzerland,0,0,1.1684,1.1684,4.953,0.3175
Spain,0.0965,1.4475,0,0,0.579,0.24125
Spain,0,0.2276,0,0,0.0569,0.14225
East Asia,0,1.153677,5.290803,5.290803,2.459835,0.71925
East Asia,0,1.936064,5.939936,5.939936,2.898368,1.432
East Asia,0,6.837859,4.072775,4.072775,5.472929,1.10075
Mexico,3.406,0,3.0916,3.0916,24.5232,1.31
Mexico,1.512,0,1.6848,1.6848,17.6688,1.08
Brazil,2.9484,0,2.366,2.366,4.4954,0.455
China,8.80713,12.93887,8.37221,8.37221,33.7063,2.71825
China,1.21626,1.15335,0.50328,0.50328,5.70384,0.52425
China,3.604863,13.15914,0,0,55.41666,2.31675
China,4.4055,2.268,0,0,17.1135,1.125
China,14.4396,14.325,15.471,15.471,20.8572,2.865
China,15.1326,15.0125,16.2135,16.2135,21.8582,3.0025
China,14.3388,14.225,15.363,15.363,20.7116,2.845
Lebanon,0,0,3.1248,3.1248,9.1056,0.84
Iran,0,0,0.768,0.768,15.36,0.96
India,28.39,0,15.03,15.03,13.36,4.175
China,0,11.8872,0,0,27.24912,2.286
China,0,0,12.07386,12.07386,19.05912,1.1565
China,10.09242,33.77079,12.16266,12.16266,22.12569,3.23475
China,4.7568,5.82708,7.61088,7.61088,14.38932,1.4865
China,2.0964,12.9278,5.9398,5.9398,6.2892,0.8735
China,9.2114,6.083,9.2114,9.2114,21.3774,4.345
China,10.8775,3.206,9.389,9.389,21.1825,2.8625
China,7.905,0.186,10.695,10.695,8.649,2.325
China,20.856,0,38.394,21.8988,11.4708,2.37
China,8.758,0,5.7984,4.3488,1.8422,0.755
China,12.7296,0,48.7968,26.208,21.3408,3.12
China,9.758,0,5.6826,2.6117,2.1525,0.7175
China,15.805,21.605,0,0,23.345,3.625
China,19.875,40.625,0,0,22.875,3.125
China,32.595,62.115,0,0,1.845,3.075
Korea,5.3,0,3.7,3.7,11.2,1.0325
Korea,4.6,0,2.5,2.5,7.5,1.02
Korea,3.6,0,2.7,2.7,5.6,0.845
Korea,4.1,0,2.3,2.3,9.7,0.6025
Korea,2.1,3.35,10.3,10.3,10.45,1.25
Korea,0.848,7.102,4.452,4.452,9.805,1.325
China,3.3852,27.156,18.228,18.228,34.6704,2.325
China,0.4992,15.6832,2.03008,2.03008,6.76,1.04
China,2.0776,13.144,55.862,55.862,25.599,2.65
Australia,0.0837,0,0.7254,0.7254,0,0.1395
Australia,1.23704,0,1.31152,1.31152,1.11272,0.14
Australia,0,0,0.396,0.396,1.485,0.0825
Bangladesh,26.5346,0,14.0003,14.0003,3.3718,1.8325
Bangladesh,13.8288,0,7.4304,7.4304,3.5776,0.86
Bangladesh,36.83,0,2.4765,2.4765,11.4935,1.5875
Bangladesh,21.4434,0,12.771,12.771,13.959,1.485
Bangladesh,59.898,0,52.746,52.746,18.923,3.725
Brazil,4.018,0.294,0.784,0.784,2.352,0.245
Brazil,8.25,0,1,1,0.375,0.3125
Brazil,0.37,0,1.7,1.7,3.77,0.25
Brazil,0,0,0,0,15.47,0.5525
Brazil,2.91,0,3.48,3.48,11.73,0.75
Canada,0.2924,0,1.1008,1.1008,1.161,0.215
Canada,0,2.7488,2.1475,2.1475,0,0.21475
Canada,0.30744,0,0.11277,0.11277,0.10899,0.01575
Canada,0,0.73577,0.61238,0.61238,0.74034,0.11425
Canada,0.29295,0,0,0,1.2663,0.23625
Canada,0.34684,0,0.14848,0.14848,0.37816,0.029
Canada,0.36234,0,0,0,0.06527,0.01525
Canada,0.31515,0,0.1353,0.1353,0.83325,0.04125
Canada,4.5588,0,1.218,1.218,2.2388,0.29
Canada,0.0801,0,1.691,1.691,0.979,0.2225
Canada,0.0837,0,0,0,2.325,0.2325
Chile,11.57,0,7.654,7.654,10.7512,0.89
Chile,0,0,7.4844,7.4844,6.732,0.99
Chile,0,2.024,38.916,38.916,1.518,1.15
China,44.28,62.64,0,0,25.2,4.5
China,0,17.83152,3.83264,3.83264,0,0.812
China,3.564,29.7,0,0,14.0976,1.98
China,0,13.41,10.281,10.281,0,1.8625
China,22.68,30.24,0,0,31.752,3.15
China,0,9.6348,0,0,16.4724,1.554
China,13.24874,26.93618,0,0,32.99024,2.1935
China,3.184,5.572,4.4775,4.4775,24.7755,2.4875
China,8.142,26.634,7.728,7.728,52.44,3.45
China,0,10.406,0,0,37.994,3.025
China,4.575,8.54,2.44,2.44,15.372,1.525
China,16.7608,16.7608,0,0,15.0962,1.435
China,20.61,9.54,0,0,28.35,2.25
China,0,17.711,15.323,15.323,6.766,2.4875
China,0,37.1241,43.6371,43.6371,24.3152,5.4275
China,0,14.88396,31.77153,31.77153,76.99587,7.15575
China,0,13.0095,0,0,32.1255,2.2125
China,12.087,20.145,12.087,12.087,24.174,3.3575
China,0,22.30416,9.19014,9.19014,10.73904,2.5815
China,0,22.345,1.845,1.845,12.3,5.125
China,0,8.091,1.674,1.674,7.626,2.325
China,0,16.84536,0,0,13.55088,1.554
China,24.92,22.25,10.68,10.68,19.58,2.225
China,10.85068,11.20644,0,0,18.58846,2.2235
China,52.65,5.4,9.45,9.45,6.75,3.375
China,8.13967,11.90679,7.46697,7.46697,13.18492,1.68175
China,6.108,19.342,0,0,10.18,2.545
China,0,27.454,11.396,11.396,21.756,3.2375
China,0,18.4574,26.8398,26.8398,14.5886,2.015
China,0,41.8119,21.9856,21.9856,29.2487,4.9075
China,0,19.6874,0,0,5.9176,2.845
China,11.83828,0,8.01948,8.01948,9.45153,2.38675
China,2.175,11.31,11.31,11.31,11.745,2.175
China,0,18.1594,27.489,27.489,36.3188,4.165
China,98.69092,14.16039,0,0,0,3.7225
China,0,11.46186,12.08142,12.08142,25.50522,2.5815
China,0,29.893,33.4,33.4,15.531,4.175
China,5.6498,0,0,0,11.713,1.7225
China,9.195,0,0,0,11.2792,3.065
China,0,0,8.936,8.936,9.4945,2.7925
China,0,46.852,0,0,0,2.65
China,0,25.15512,7.89048,7.89048,5.3952,1.686
China,20.21019158,17.15017263,17.28149684,17.28149684,38.74393895,3.915
China,0,25.4044,0,0,17.5784,3.01
China,26.18,23.8,13.09,13.09,0,2.975
China,2.31,28.336,0,0,24.794,3.85
China,1.9596,13.8876,0,0,14.3136,2.13
China,0,43.8495,0,0,0,3.1775
China,0,20.202,0,0,14.43,3.6075
China,93.93165,0,0,0,0,3.0375
China,1.841838,11.241816,3.133326,3.133326,4.589919,0.91725
China,0,0,0,0,0,0.905
China,14.8538,16.588,0,0,7.3892,1.885
China,0,8.32,6.89,6.89,35.49,3.25
China,9.44,3.28,5.76,5.76,8.8,2
China,9.2435,2.1945,5.32,5.32,4.0565,1.6625
China,0,3.645,6.075,6.075,9.72,3.0375
China,3.71,2.65,5.83,5.83,11.13,1.325
China,22.6,0,13.56,13.56,27.12,2.825
China,16.25,0,3.75,3.75,12.5,1.5625
China,0,16.12,3.72,3.72,12.4,1.55
China,0,0,4.7547,4.7547,8.9224,1.4675
China,0,7.2,0,0,4.8,1.2
China,38.53245,4.41045,0,0,0,1.5125
China,0,3.615675,0,0,11.15694,0.860875
China,0,1.701,0,0,3.297,0.525
China,0,4.384,4.384,4.384,12.056,2.74
China,23.085,0,0,0,0,2.1375
China,51.9249,39.654975,18.84945,18.84945,20.094225,4.445625
China,25.9362,41.4659,0,0,12.3277,4.0025
China,10.0395,6.5475,0,0,8.1189,2.1825
China,34.5158,13.8496,0,0,18.6104,2.705
China,34.5158,13.8496,0,0,18.6104,2.705
China,0,7.6632,0,0,17.0568,2.06
China,13.8288,17.9024,0,0,2.144,2.68
China,0,10.7944,22.248,22.248,15.8208,2.06
China,0,21.497,0,0,8.217,2.075
China,0,26.8488,0,0,15.2776,2.26
China,1.8579,21.40526,0,0,14.62674,2.815
China,0,15.03775,0,0,20.91404,2.3135
China,0,24.8994,0,0,18.2214,2.385
China,0,6.1088,0,0,5.5568,0.92
China,0,0,0,0,6.65,0.875
China,2.22,0,12.765,12.765,16.095,1.3875
China,2.22,0,12.765,12.765,16.095,1.3875
China,0,0,0,0,3.1595,0.2225
China,0,5.0904,0,0,6.5044,0.707
China,0,11.58544,0,0,17.53472,1.957
China,0,16.38,0,0,10.92,2.275
China,10.06272,31.446,26.69416,26.69416,0,3.494
China,32.4,61.05,0,0,18,3.75
China,9.9243,19.07671,0,0,18.41509,2.75675
China,8.7648,21.2729,7.304,7.304,19.8121,2.2825
China,0,0,0,0,0,3.225
China,1.11247,0,7.1366,7.1366,5.60433,0.52475
China,13.78,5.9254,0,0,10.9551,1.7225
China,4.4336,7.498,0,0,4.7596,1.63
China,0,26.4504,13.1016,13.1016,21.1356,3.09
China,7.6956,24.3936,0,0,18.7308,3.63
China,2.04088,22.9696,14.9768,14.9768,19.2836,1.94
China,2.885,0,1.341525,1.341525,3.31775,0.72125
China,4.66,3.728,0,0,12.116,2.33
China,2.898,6.93,0,0,5.04,1.05
China,10.9482,16.259,0,0,0,3.55
China,9.1686,5.6721,0,0,5.8275,1.9425
China,10.934,16.33,0,0,0,3.55
China,21.22236,15.81156,0,0,19.91976,2.505
China,10.62908,16.82464,0,0,12.73216,1.421
China,0,6.6352,0,0,5.0518,0.9425
China,13.728,22.9944,6.2634,6.2634,22.9086,2.145
China,0,0,0,0,35.8154,3.4175
China,0,0,9.5325,9.5325,0,1.5375
China,7.56,11.7,15.8,15.8,19,2.5
China,3.32004,25.6668,8.76,8.76,16.7316,2.19
China,0,6.67,5.888,5.888,6.854,1.15
China,4.788,6.384,2.128,2.128,11.172,1.33
China,24.332,0,3.696,3.696,14.399,1.925
China,0,0,17.238,17.238,102.076,8.45
China,4.69,5.36,0,0,2.345,0.8375
China,4.81,2.22,0,0,6.29,0.925
China,0,0,3.1689,3.1689,11.6696,1.2575
China,15.0656,6.5912,11.2992,11.2992,8.4744,2.354
China,0,22.54182,0,0,0,2.0055
China,0,0,2.64159,2.64159,7.5474,1.34775
China,13.912,8.695,0,0,21.62,1.175
China,8.5224,7.3776,3.2436,3.2436,13.4832,1.59
China,5.2897,4.069,2.4727,2.4727,6.2913,0.7825
China,2.6208,2.0384,1.5008,1.5008,3.8528,0.56
China,11.1412,6.7124,0,0,4.2904,1.73
China,33.8954,4.6221,0.2201,0.2201,3.91778,1.1005
China,0,13.75032,0,0,0,2.162
China,0,17.2085,0,0,19.05,1.5875
China,57.17832,10.42296,0,0,0,2.74
China,11.523,23.046,0,0,7.728,1.725
China,2.584,2.261,3.553,3.553,6.137,0.8075
China,0,0,0,0,9.639,0.8925
China,10.864,24.056,4.3456,4.3456,26.8496,3.88
China,9.231,47.422,0,0,24.254,4.525
China,26.82,75.99,4.2912,4.2912,41.124,4.47
China,0,28.186,0,0,47.906,4.25
China,0,11.289,50.694,50.694,10.65,5.325
China,20.382,20.984,0,0,0,2.15
China,11.1714,6.928,0,0,4.1568,2.165
China,13.5228,12.6732,0,0,11.8236,1.77
China,1.9521,5.4225,0,0,4.3621,0.6025
China,0,72.431848,0,0,58.1806,5.998
China,33.174,20.52,0,0,16.53,2.85
China,38.23824,22.26678,0,0,19.00254,2.9145
China,15.162,34.048,0,0,31.255,3.325
China,11.7327,13.1068,5.6021,5.6021,16.0664,2.6425
China,0,13.5795,8.3946,8.3946,20.9042,2.0575
China,0,14.9786,7.4893,7.4893,19.1759,2.0575
China,5.0922,24.7158,0,0,41.7312,3.105
China,7.5152,41.1628,0,0,41.3336,4.27
China,0,12.418,0,0,8.87,2.2175
China,1.131,15.66,0,0,14.79,2.175
China,0,34.84845,0,0,14.3819,2.76575
China,0,18.38718,0,0,0,3.64825
China,0,27.28891,0,0,0,3.64825
China,0,25.0182,0,0,14.238,2.5425
China,0,13.09968356,0,0,14.84630804,2.183280594
China,0,32.148,15.792,15.792,18.189,3.525
China,0,37.9129,7.8344,7.8344,19.8658,3.4975
China,0,15.6215,4.975,4.975,16.6165,2.4875
China,0,28.0896,0,0,30.3576,4.2
China,2.2503,9.5205,15.8675,15.8675,16.0983,1.4425
China,2.2503,9.5205,15.8675,15.8675,6.0008,1.4425
China,0,0,42.28308,42.28308,41.19738,4.935
China,13.3742,0,60.37496,60.37496,9.93512,2.38825
China,15.2618,0,0,0,33.1415,1.3925
China,5.7436,4.4288,11.4872,11.4872,0,1.73
China,13.8075,0,0,0,0,1.3125
China,9.7867,2.7962,3.5588,3.5588,16.9043,3.1775
China,4.8621,19.4484,38.385,38.385,10.3213,2.1325
China,0,8.934,7.445,7.445,10.423,3.7225
China,0,4.9179,0,0,5.4756,1.2675
China,6.1248,6.264,2.93248,2.93248,4.7792,1.16
China,13.5459,4.16757,0.96534,0.96534,11.3661,1.2975
China,1.4198,4.2594,2.29,2.29,9.5264,1.145
China,0,0,1.9551,1.9551,6.6885,1.28625
China,0,24.0396,33.189,33.189,21.1692,4.485
China,0,0.6273,0,0,5.1578,1.7425
China,18.0684,30.9505,15.057,15.057,24.9277,4.1825
China,22.491,71.604,13.77,13.77,44.2935,5.7375
China,22.931,55.0344,10.1694,10.1694,41.6746,4.985
China,29.358,56.153,11.883,11.883,49.629,5.825
China,0,11.623946,9.477864,9.477864,17.87072,1.9945
China,36.0535,0,25.34046,25.34046,0,2.57525
China,4.5008,0,13.8128,13.8128,6.5184,3.88
China,0,29,0,0,12.76,2.9
China,0,31.72,0,0,0,3.25
China,4.984,8.722,4.361,4.361,8.099,1.5575
China,5.0463,9.0335,4.1118,4.1118,7.9744,1.5575
China,7.636275,11.595825,6.82551,6.82551,5.926755,1.57125
China,0,0,67.71,67.71,29.97,2.775
China,19.3456,0,17.2664,17.2664,0,5.65
China,0,7.13,19.89,19.89,12.55,2.5
China,12.969847,0,0,0,30.033839,2.52725
China,7.624368,8.769168,3.113856,3.113856,19.583712,1.908
China,0,8.8389,0,0,9.54345,1.60125
China,12.3084,0,12.4662,12.4662,4.1028,1.9725
China,9.252,14.649,0,0,10.794,1.9275
China,68.23453,34.9531,0,0,0,3.79925
China,27.302,30.107,0,0,26.367,4.675
China,17.7,29.5,0,0,23.6,2.95
China,8.687,20.944,9.163,9.163,20.587,2.975
China,0,1.815,1.21,1.21,10.285,1.5125
China,5.80944,0,29.0472,29.0472,0,2.5935
China,24.52689,26.50221,18.60093,18.60093,4.60908,4.11525
China,48.88917,22.05774,0,0,0,4.11525
Croatia,0.8034,2.06,4.326,4.326,6.798,0.515
Croatia,18.824,0,15.566,15.566,1.81,0.905
Croatia,2.19,0,6.132,6.132,4.599,0.5475
Cyprus,0,0,2.128,2.128,3.99,0.3325
Cyprus,0,0,1.834,1.834,4.061,0.3275
Cyprus,0,0,3.6,3.6,5.22,0.45
Cyprus,0,0,2,2,2.5,0.3125
Czechia,0.297,10.098,14.553,14.553,4.752,0.7425
Czechia,1.683,0,0,0,0,0.3825
Czechia,10.9296,24.2604,0,0,6.21,1.035
Czechia,1.16,8.7,0,0,0,0.725
France,0.4365,0,0,0,8.9628,0.7275
France,0.147,0,1.764,1.764,4.41,0.3675
France,0.065,0,0,0,6.955,0.8125
Greece,0,0,1.1003,1.1003,2.97081,0.275075
Greece,0,0,1.32327,1.32327,6.63156,0.38025
Greece,0,0,2.107,2.107,15.05,0.7525
Greece,0,0,1.12,1.12,3.92,0.35
Greece,0,0,6.112,6.112,4.775,0.4775
Greece,0,0,2.3793,2.3793,9.3009,0.54075
Greece,0,0,7.1336,7.1336,7.4,0.74
Greece,0,0,11.88,11.88,25.08,1.65
Greece,0,0,7.54,7.54,13.195,0.9425
Greece,0.608403,0.45229,1.50277,1.50277,5.836,0.36475
Hungary,0,0,4.176,4.176,3.306,0.435
India,0,20.293,26.481,26.481,0,2.275
India,0,0.325,7.475,7.475,3.25,0.8125
India,14.50826667,0,0,0,21.10293333,1.648666667
India,10.768,0,40.38,40.38,43.072,3.365
India,7.5578,16.7003,17.4317,17.4317,24.0143,3.0475
India,10.137,46.761,64.746,64.746,57.879,8.175
India,7.9065,16.4405,15.4365,15.4365,23.2175,3.1375
India,7.564,16.714,17.446,17.446,24.034,3.05
India,0,30.098,0,0,46.19,3.725
India,0,6.075,13.851,13.851,0,1.215
India,0,0.0191,2.674,2.674,3.247,0.4775
India,5.87275,5.02775,0,0,9.295,1.05625
Iran,0,0,0.768,0.768,15.36,0.96
Iran,0.5236,0,2.2814,2.2814,16.0446,0.935
Iran,3.092825,0,3.04475,3.04475,15.67245,0.80125
Iraq,0,0,0.504,0.504,12.096,1.26
Ireland,0,2.1274,2.6109,2.6109,1.934,0.24175
Israel,0.04532,0,0.57474,0.57474,0.85078,0.515
Israel,0.03904,0,0.49532,0.49532,0.4636,0.61
Israel,0.07728,0,0.93702,0.93702,1.49408,0.805
Israel,0.05654,0,0.65021,0.65021,0.75558,0.6425
Italy,0,0,0,0,1.837,0.275
Italy,0,0,2.6426,2.6426,3.43538,0.330325
Italy,0,0,4.8,4.8,10.56,0.6
Italy,0.8976,0,6.2832,6.2832,2.7863,0.4675
Italy,0,0,2.4,2.4,5.952,0.4
Italy,0,0.774,4.386,4.386,2.838,0.645
Italy,1.50645,0,5.12193,5.12193,4.21806,0.753225
Italy,0.87804,0,5.33328,5.33328,0,0.4065
Italy,3.3,0,16.72,16.72,3.52,1.1
Japan,1.3056,0,0,0,0.34,0.34
Japan,0.913,0,0,0,0.352,0.275
Japan,1.0625,0,0,0,1.425,0.3125
Japan,1.887,0,0,0,2.3865,0.4625
Japan,0.0615,0,2.3247,2.3247,0.492,0.3075
Jordan,0.64077,0,1.07601,1.07601,1.79335,1.0075
Jordan,0.127,0,0.77978,0.77978,0.53086,0.635
Jordan,0.085,0,0.86,0.86,0.2225,0.625
Kenya,1.19,1.02,0,0,6.63,0.425
Korea,0.78,0,0,0,4.68,0.65
Korea,0.7336,2.4628,0,0,5.764,0.655
Korea,2.808,0,4.185,4.185,5.427,0.675
Korea,0,0,4.7244,4.7244,5.3568,0.93
Korea,1.50746,6.86291,2.69756,2.69756,8.96542,0.99175
Malaysia,0,0,0,0,9.792,0.425
Malaysia,0,0,0,0,16.41,0.75
Malaysia,0,4.5,1.26,1.26,4.32,0.45
Malaysia,0,7.82,0,0,0,0.575
Malaysia,12.0217,0,2.33895,2.33895,8.87795,0.62875
Malaysia,5.883,0,14.245,14.245,8.288,0.925
Malaysia,1.54,0,1.49,1.49,6,0.25
Malta,0,0.7575,0,0,4.13595,0.37875
Mexico,0,0,0.0716,0.0716,7.4285,0.4475
Mexico,0.514472063,0,0,0,12.81246863,0.7830625
Mongolia,0,16.704,0,0,36.192,2.32
New Zealand,0,0,12.474,12.474,1.62,0.405
Nigeria,2.288,0,0,0,27.04,2.6
Nigeria,2.615,2.615,0,0,4.184,0.65375
Nigeria,111.452,0,0,0,37.15066667,4.221666667
Nigeria,3.744,0,5.408,5.408,2.496,0.52
Nigeria,0,17.1315,0,0,1.458,0.91125
Nigeria,0.95408,0,0,0,8.2058,0.445
Pakistan,15.0875,20.4125,0,0,12.425,2.21875
Pakistan,0,0,0,0,42.84,4.25
Palastine,0.067,0,0.71824,0.71824,1.2194,0.67
Palastine,0.07161,0,0.63294,0.63294,0.47355,0.5775
Philippines,0.28,0,1.302,1.302,1.834,0.35
Poland,7.9825025,0,0,0,4.867199211,0.816875
Poland,0.775,7.099,4.836,4.836,2.573,0.775
Poland,0,9.92875,2.015,2.015,11.3425,0.8125
Poland,0,0,4.258315,4.258315,4.7333,0.41375
Poland,0,4.5432725,0,0,0,0.69875
Poland,0,0,0,0,0,0.62875
Portugal,1.334,0,4.5356,4.5356,9.8716,0.667
Qatar,0,3.48,0,0,12.24,1
Romania,0,0,0.507,0.507,0,0.4225
Saudi Arabia,24.3338,13.7246,0,0,25.3442,2.105
Saudi Arabia,5.439,7.289,0,0,4.958,0.925
Spain,1.35009,0,0,0,3.75025,0.375025
Spain,0.288,0.936,0,0,2.826,0.45
Spain,0.72,2.448,0,0,3.384,0.45
Sri Lanka,0,1.216,0.512,0.512,11.408,0.4
Sweden,1.14863,0,0,0,0.2562,0.1525
Taiwan,3.5668,5.4225,0,0,4.3862,0.6025
Taiwan,0,6.454848485,0,0,4.426181818,0.461060606
Taiwan,0.3298,0,0.7372,0.7372,1.2416,0.2425
Taiwan,1.5826,2.1616,0,0,10.2483,0.4825
Taiwan,6.685,0,2.26144,2.26144,6.112,0.955
Taiwan,8.633,0,1.94,1.94,12.125,1.2125
Taiwan,3.4335,0.7245,2.835,2.835,2.59875,0.7875
Taiwan,0,0,0,0,14.4,0.9
Taiwan,0,0.468,0,0,1.824,0.3
Taiwan,0,0,0,0,1.8,0.5
Taiwan,1.7172,2.1783,0,0,2.0352,0.3975
Taiwan,3.089318182,3.953863636,2.877954545,2.877954545,2.288181818,0.5625
Taiwan,0,0,0,0,9.1935,0.85125
Taiwan,8.451,4.382,0,0,7.825,0.7825
Tunisia,0,0,0,0,0,0.625
United Kingdom,0,0.094,0.76,0.76,0.61,0.275
United Kingdom,0,0,0.0318719,0.0318719,0.11665592,0.022023171
United Kingdom,0,0,0.0384067,0.0384067,0.3724245,0.031480353
United Kingdom,0,0,0.0385201,0.0385201,0.02303191,0.013638529
United Kingdom,0,0.17,0.64,0.64,1.26,0.3925
United Kingdom,1.064,0,0,0,0.988,0.19
United States,0,0,0.35,0.35,0.29,0.09275
United States,0,0,0.44,0.44,0.26,0.089
United States,0,0,0.42,0.42,0.32,0.09025
United States,0,0,0.27,0.27,0.59,0.124
United States,0,0,0.23,0.23,0.44,0.11975
United States,0,0,0.33,0.33,0.26,0.11325
United States,0,0,0.427075533,0.427075533,2.893162971,0.208062439
United States,0,0.275416121,1.439192022,1.439192022,1.054303492,0.266045052
United States,0,0.154,2.772,2.772,2.002,0.385
United States,0,0.7330485,4.192523,4.192523,1.106003,0.3215125
United States,0,0.477163438,1.31230244,1.31230244,2.117793334,0.291856273
United States,0,0.140486871,1.278340126,1.278340126,2.006444473,0.315179111
United States,0,0.246859625,1.663191856,1.663191856,1.188321413,0.278716335
United States,0,0,8.4,8.4,0.7,0.4025
United States,1.74658,0,0,0,1.0741,0.2335
United States,0,0,0.62,0.62,2.47,0.1465
United States,0,0,0.51,0.51,2.55,0.13475
United States,0,0,0.22,0.22,2.41,0.11725
United States,0,0.7583801,1.8895233,1.8895233,1.7095687,0.3213475
United States,0,0,4.4,4.4,0.8,0.1875
United States,0,0,1.7575,1.7575,2.6825,0.23125
United States,0,0,1.4,1.4,0.4,0.1925
United States,0,0,1.74,1.74,4.83,0.2135
United States,0,0,1.4,1.4,3.81,0.18025
United States,0,0,1.53,1.53,3.48,0.18175
United States,0,0,0.1,0.1,2.86,0.19125
United States,0,0,0.09,0.09,2.77,0.16775
United States,0,0,0.08,0.08,3.06,0.16725
United States,0,1.029847108,0.190090722,0.190090722,2.927124908,0.285272186
United States,0.255468787,0,0.85517094,0.85517094,2.66023112,0.250759934
United States,0,0,1.08,1.08,2.02,0.13175
United States,0,0,1.03,1.03,1.83,0.121
United States,0,0,0.97,0.97,1.69,0.1255
United States,0,0,0.92,0.92,0.72,0.21175
United States,0,0,0.42,0.42,0.64,0.16925
United States,0,0,0.21,0.21,0.84,0.1585
United States,0,0.073068203,0.41753259,0.41753259,2.400812394,0.18125
United States,0,0,0.23,0.23,2.1,0.12575
United States,0,0,0.18,0.18,2.29,0.11825
United States,0,0,0.25,0.25,2.73,0.1315
United States,0,0.144975918,1.50581511,1.50581511,0.541793041,0.186669302
United States,0,0,0.91,0.91,2.31,0.183
United States,0,0,0.86,0.86,2.35,0.1635
United States,0,0,0.77,0.77,2.07,0.156
United States,0,0.433718636,1.287555196,1.287555196,2.158756235,0.303130012
United States,0.4032,0,1.02528,1.02528,2.55744,0.288
United States,0,0.482162006,1.475195402,1.475195402,1.188341313,0.261616369
United States,0,0.116783163,0.755655761,0.755655761,3.091319021,0.269
United States,1.48208,0,0.89176,0.89176,2.61248,0.314
United States,0,0.337632347,1.163175453,1.163175453,0.870523388,0.212803395
United States,2.03718,0,0.91137,0.91137,4.8249,0.44675
United States,0,0,4.7,4.7,3.3,0.2875
United States,0,0,1.6896,1.6896,0,0.192
United States,0,0,5.8,5.8,0.8,0.3725
United States,0,0,0.994,0.994,0.142,0.355
United States,0,0,0.9,0.9,2.9,0.285
United States,0,0,6.6,6.6,1.7,0.2525
United States,0,0,2.1,2.1,0.8,0.215
United States,0,0.859342075,1.841213727,1.841213727,1.355813182,0.292954357
United States,0,0,0.5649,0.5649,0.4368,0.0525
United States,0,0.584772259,0.375248595,0.375248595,2.870197985,0.294161754
United States,0,0,0.42,0.42,2.24,0.1535
United States,0,0,0.39,0.39,2.14,0.13925
United States,0,0,0.48,0.48,2.04,0.149
United States,0,0,2.7,2.7,4,0.2125
United States,0.511368,0,1.71648,1.71648,1.7284,0.298
United States,0.161792,0,1.18784,1.18784,2.07872,0.256
United States,0,0,0.19,0.19,1.36,0.0855
United States,0,0,0.16,0.16,1.19,0.08275
United States,0,0,0.19,0.19,1.03,0.08475
United States,0,0,0.69,0.69,0.75,0.0655
United States,0,0,0.59,0.59,0.65,0.06725
United States,0,0,0.5,0.5,0.55,0.07325
United States,0,0.125743145,1.272894074,1.272894074,0.569795546,0.187128208
United States,0,0,0.93,0.93,0.41,0.0525
United States,0,0,1.06,1.06,0.34,0.0505
United States,0,0,1.38,1.38,0.29,0.06
United States,0,0,2.8,2.8,0.5,0.2125
United States,0,0,0.17,0.17,3.38,0.21125
United States,0,0,0.17,0.17,2.44,0.17775
United States,0,0,0.15,0.15,2.31,0.15125
United States,0,0,0.79,0.79,1.03,0.05925
United States,0,0,0.73,0.73,1.14,0.061
United States,0,0,0.56,0.56,1.17,0.062
United States,0,0,0.23,0.23,1.5,0.1195
United States,0,0,0.31,0.31,1.11,0.1085
United States,0,0,0.33,0.33,1.02,0.12125
United States,0.31,0,1.92,1.92,4.37,0.245
United States,0,0,0.398404047,0.398404047,1.891016392,0.189181801
United States,0,0,0,0,2.9832,0.226
United States,0,0,8.2246,8.2246,0.8732,0.295
United States,1.60765,0,0.9559,0.9559,0.3239,0.09875
United States,0,0,0.87,0.87,1.13,0.0945
United States,0,0,0.74,0.74,1.17,0.0965
United States,0,0,0.63,0.63,1.21,0.104
United States,0,0,0.19,0.19,3.45,0.132
United States,0,0,0.25,0.25,3.32,0.144
United States,0,0,0.2,0.2,3.28,0.16
United States,0,0,1.2,1.2,1.8,0.2075
United States,0,0,0.2,0.2,1.5,0.13275
United States,0,0,0.14,0.14,1.46,0.13625
United States,0,0,0.15,0.15,1.13,0.1345
United States,0,0.3,1.6,1.6,1.6,0.25
United States,0,0.386534373,0.409018427,0.409018427,2.517735648,0.23625
United States,0,0,0.719296886,0.719296886,2.165502267,0.212363843
United States,0,0.61781647,1.740290394,1.740290394,1.419769092,0.291848381
United States,0,0,5.1,5.1,1.2,0.2575
United States,0,0.042,1.8564,1.8564,1.1844,0.21
United States,0,0,5.3,5.3,1.8,0.2275
United States,0,0,1.3,1.3,1.1,0.1975
United States,0,0,2.4,2.4,0.4,0.155
United States,0,0,0.67,0.67,0.43,0.0535
United States,0,0,0.8,0.8,0.39,0.057
United States,0,0,1.04,1.04,0.36,0.065
United States,1.972,0,1.1165,1.1165,2.3635,0.3625
United States,0,0,0.47,0.47,5.35,0.2005
United States,0,0,0.55,0.55,4.27,0.16775
United States,0,0,0.61,0.61,3.76,0.15125
United States,0,0,1.87,1.87,4.41,0.185
United States,0,0,1.72,1.72,3.5,0.149
United States,0,0,1.7,1.7,2.91,0.146
United States,0,0,1.4,1.4,0.8,0.2025
United States,0,0,2.4,2.4,1.3,0.22
United States,0,0.459715977,1.39383633,1.39383633,1.31453539,0.239134621
United States,0,0,2.2,2.2,1.2,0.1775
United States,0.83915,0,2.54327,2.54327,1.52338,0.32275
United States,2.72568,0,0.42104,0.42104,5.14112,0.554
United States,0,0,0.334028683,0.334028683,0.823710188,0.130714286
United States,0,0,3,3,2.6,0.23
United States,0,0.073850637,0.92332802,0.92332802,0.944288171,0.229721918
